{"cameraMode":{"drawMode":0,"name":"Shaded","section":"Shading Mode"},"sceneLighting":true,"audioPlay":false,"sceneViewState":{"m_AlwaysRefresh":false,"showFog":true,"showSkybox":true,"showFlares":true,"showImageEffects":true,"showParticleSystems":true,"showVisualEffectGraphs":true,"m_FxEnabled":true},"in2DMode":false,"pivot":{"x":1.6494712829589844,"y":4.484923362731934,"z":-26.268314361572267},"rotation":{"x":-0.18916262686252595,"y":0.3094584047794342,"z":-0.06295890361070633,"w":-0.9297795295715332},"size":15.235831260681153,"orthographic":false}